"0","library(here)"
"2","package ‘here’ was built under R version 3.6.2"
"2","here() starts at C:/Users/jjw_t/Desktop/GVSP_2020
"
"0","library(tidyverse)"
"2","package ‘tidyverse’ was built under R version 3.6.3"
"2","Registered S3 method overwritten by 'dplyr':
  method           from
  print.rowwise_df     
"
"2","Error: package or namespace load failed for â€˜tidyverseâ€™ in loadNamespace(j <- i[[1L]], c(lib.loc, .libPaths()), versionCheck = vI[[j]]):
 namespace â€˜tibbleâ€™ 2.1.3 is already loaded, but >= 3.0.0 is required
"
